,Qsqd,RMSE
Mean,0.6209674680972286,4.866351646255239
STD,0.0835850622892849,0.47582559182644596
