,CorrectClassificationRate,FalsePositive,TruePositive
Mean,0.9411764705882353,0.9318181818181819,0.9583333333333334
STD,0.07204381596421114,0.07537783614444088,0.0721687836487032
