,CorrectClassificationRate,FalsePositive,TruePositive
Mean,0.8970588235294117,0.8782051282051282,0.9583333333333334
STD,0.08700117328087673,0.13733516208736252,0.0721687836487032
