,Qsqd,RMSE,y_Pedict,y_Test
Mean,0.5213906507115115,5.290916294398329,12.698342352783186,12.698529411764707
STD,0.23923117197811955,1.3178354702765642,6.5812591505115465,8.305800465143742
