,Qsqd,RMSE
Mean,0.5537122433071976,5.326202931156283
STD,0.1711212811987373,1.3425776270500813
