,CorrectClassificationRate,FalsePositive,TruePositive
Mean,0.8970588235294118,0.9045454545454545,0.875
STD,0.02547133540542467,0.09567075081749628,0.13819269959814168
