,Qsqd,RMSE
Mean,0.7807584531217058,3.82278583708806
STD,0.11617422039316311,1.4494562089992045
