,CorrectClassificationRate,FalsePositive,TruePositive
Mean,0.9558823529411764,0.9772727272727273,0.9226190476190477
STD,0.04877389397581471,0.039364791081110864,0.07783748113465488
