,FalsePositive,TruePositive
Mean,0.8310185185185186,0.861111111111111
STD,0.18915025943603353,0.14163943093313291
