,CorrectClassificationRate,FalsePositive,TruePositive
Mean,0.875,0.9180555555555556,0.7718253968253967
STD,0.07978559231302816,0.08476774733148403,0.1792864872064679
