,Qsqd,RMSE
Mean,0.7156103094585796,4.145151196445103
STD,0.13727303426204993,1.3076387195250287
