,Qsqd,RMSE
Mean,0.7938870936863022,3.595596974549063
STD,0.0962903763623266,0.9498341595058621
