,CorrectClassificationRate,FalsePositive,TruePositive
Mean,0.9166666666666665,0.9484126984126985,0.8583333333333333
STD,0.0481125224324688,0.07327851314531503,0.15388487760516156
