,Qsqd,RMSE
Mean,-0.26216416897947586,7.892377139782383
STD,1.1150248319871259,2.7340121939149333
