,Qsqd,RMSE
Mean,0.6911684330809836,4.520998711747933
STD,0.04792432699972807,0.8276913295954412
