,CorrectClassificationRate,FalsePositive,TruePositive
Mean,0.9166666666666666,0.9136904761904762,0.8888888888888888
STD,0.09622504486493763,0.13924628053916174,0.24845199749997665
