,CorrectClassificationRate,FalsePositive,TruePositive
Mean,0.8472222222222222,0.8505291005291006,0.8777777777777778
STD,0.1310275157230084,0.16975079592581918,0.13005222123021806
